imdb_id,Posters
tt4934950,https://m.media-amazon.com/images/M/MV5BMTYzODg0Mjc4M15BMl5BanBnXkFtZTgwNzY4Mzc3NjE@._V1_Ratio0.6751_AL_.jpg
tt3863552,https://m.media-amazon.com/images/M/MV5BMGE3Yjg3NzItNjlmOS00YjY2LThiMDctMzM0NDA2NmExYTg4XkEyXkFqcGdeQXVyMTQ3ODQ3NTcz._V1_Ratio0.6751_AL_.jpg
tt3848892,https://m.media-amazon.com/images/M/MV5BYTdhNjBjZDctYTlkYy00ZGIxLWFjYTktODk5ZjNlMzI4NjI3XkEyXkFqcGdeQXVyMjY1MjkzMjE@._V1_Ratio0.6751_AL_.jpg
tt4430212,https://m.media-amazon.com/images/M/MV5BYmJhZmJlYTItZmZlNy00MGY0LTg0ZGMtNWFkYWU5NTA1YTNhXkEyXkFqcGdeQXVyODE5NzE3OTE@._V1_Ratio0.6751_AL_.jpg
tt3735246,https://m.media-amazon.com/images/M/MV5BMWI3YTA1MDktYWNjOS00MTE5LTkzMTQtOWNiODY2MjIzYTQwXkEyXkFqcGdeQXVyMTExNDQ2MTI@._V1_Ratio0.6751_AL_.jpg
tt3767372,https://m.media-amazon.com/images/M/MV5BMTUwOTMxNjc2OV5BMl5BanBnXkFtZTgwODQ4OTMxNTE@._V1_Ratio0.6751_AL_.jpg
tt3678782,https://m.media-amazon.com/images/M/MV5BMmIzOWY5NjMtOTNhOC00YzQxLTk2OTYtNzFkNTE4NGQzZmFmXkEyXkFqcGdeQXVyODE5NzE3OTE@._V1_Ratio0.6751_AL_.jpg
tt2424988,https://m.media-amazon.com/images/M/MV5BMjFhNDQ5NjEtNDE1ZS00YjYwLTgzMjItN2Y2M2RlMjNhZGI4XkEyXkFqcGdeQXVyODE5NzE3OTE@._V1_Ratio0.6751_AL_.jpg
tt2631186,https://m.media-amazon.com/images/M/MV5BYWVlMjVhZWYtNWViNC00ODFkLTk1MmItYjU1MDY5ZDdhMTU3XkEyXkFqcGdeQXVyODIwMDI1NjM@._V1_Ratio0.6751_AL_.jpg
tt3495030,https://m.media-amazon.com/images/M/MV5BMTU4NDY2NjgxOV5BMl5BanBnXkFtZTgwMjk2NTYyNTM@._V1_Ratio0.6751_AL_.jpg
tt3447364,https://m.media-amazon.com/images/M/MV5BMjE2MDgyOTgzN15BMl5BanBnXkFtZTgwNzY2NTYyNTM@._V1_Ratio0.6751_AL_.jpg
tt2140465,https://m.media-amazon.com/images/M/MV5BMjMwMTExMjA1OV5BMl5BanBnXkFtZTgwNDI5MTcyNjE@._V1_Ratio0.6751_AL_.jpg
tt3469244,https://m.media-amazon.com/images/M/MV5BMTk5NDE2NDUxM15BMl5BanBnXkFtZTgwOTA3NzI1NjE@._V1_Ratio0.6751_AL_.jpg
tt4430136,https://m.media-amazon.com/images/M/MV5BMTcxNDY5NjA5NV5BMl5BanBnXkFtZTgwNjcyMTk5NjE@._V1_Ratio0.6751_AL_.jpg
tt4024944,https://m.media-amazon.com/images/M/MV5BOWQ3YTgzNjEtZTU3YS00M2VlLWJjNzAtMTBiZDI2ZGY4Y2RkXkEyXkFqcGdeQXVyNDUzOTQ5MjY@._V1_Ratio0.6751_AL_.jpg
tt3148502,https://m.media-amazon.com/images/M/MV5BMjA1MTc0Mjc4Ml5BMl5BanBnXkFtZTgwNjU5Nzk4NjE@._V1_Ratio0.6751_AL_.jpg
tt3742284,https://m.media-amazon.com/images/M/MV5BOTUyMzk3MzQ5OV5BMl5BanBnXkFtZTgwNDM3MjM5NDE@._V1_Ratio0.6751_AL_.jpg
tt4110568,https://m.media-amazon.com/images/M/MV5BZWMzODAxMDAtMTk1Yi00NjBjLTgyOWYtNjYyNjYxZDg1NGU4L2ltYWdlL2ltYWdlXkEyXkFqcGdeQXVyNTM3NDI3MzQ@._V1_Ratio0.6751_AL_.jpg
tt3802576,https://m.media-amazon.com/images/M/MV5BNzQ4Njg3Mjg5Nl5BMl5BanBnXkFtZTgwODE5MDg1NjE@._V1_Ratio0.6751_AL_.jpg
tt4302956,https://m.media-amazon.com/images/M/MV5BYWNhYzljZTEtM2Q5ZS00ODY2LTljODUtM2U1MGZiNjUyNTM3XkEyXkFqcGdeQXVyMTExNDQ2MTI@._V1_Ratio0.6751_AL_.jpg
tt4332114,https://m.media-amazon.com/images/M/MV5BMzNjNWVhNzItZTVkOS00MGI5LWJmNmItY2U2NjI4YzI5MDBhXkEyXkFqcGdeQXVyODE5NzE3OTE@._V1_Ratio0.6751_AL_.jpg
tt0315642,https://m.media-amazon.com/images/M/MV5BMTUzNDU4NDMyOV5BMl5BanBnXkFtZTgwNjcyNzU0NzE@._V1_Ratio0.6751_AL_.jpg
tt4600778,https://m.media-amazon.com/images/M/MV5BMTQ4NTg3MzI5OV5BMl5BanBnXkFtZTgwOTM2MjU0NzE@._V1_Ratio0.6751_AL_.jpg
tt4659548,https://m.media-amazon.com/images/M/MV5BMTU4MjI4MTM4NF5BMl5BanBnXkFtZTgwNzcxOTU2NzE@._V1_Ratio0.6751_AL_.jpg
tt4387040,https://m.media-amazon.com/images/M/MV5BMGE1ZTkyOTMtMTdiZS00YzI2LTlmYWQtOTE5YWY0NWVlNjlmXkEyXkFqcGdeQXVyNjQ3ODkxMjE@._V1_Ratio0.6751_AL_.jpg
tt3453964,https://m.media-amazon.com/images/M/MV5BMzM3M2MzYTMtZjlkMy00MThkLWE1ZWMtYzNjMDI0ZmQ5ZDI5XkEyXkFqcGdeQXVyNjU2ODkyODg@._V1_Ratio0.6751_AL_.jpg
tt5290620,https://m.media-amazon.com/images/M/MV5BN2Y5YzMxYzUtMjA4YS00NWM5LTk5OWItNDZiMDVlYjYxNDBhXkEyXkFqcGdeQXVyNDUzOTQ5MjY@._V1_Ratio0.6751_AL_.jpg
tt5310090,https://m.media-amazon.com/images/M/MV5BZGE5Nzk5NDQtYjNmNi00ODE5LWEwNzktMTEwMTA4N2MyOGZmXkEyXkFqcGdeQXVyOTk3NTc2MzE@._V1_Ratio0.6751_AL_.jpg
tt3726012,https://m.media-amazon.com/images/M/MV5BMzk0NjIxMjg2NV5BMl5BanBnXkFtZTgwMDk5NzY2NzE@._V1_Ratio0.6751_AL_.jpg
tt5288766,https://m.media-amazon.com/images/M/MV5BZWFhODk2OTYtYzVjMy00MTg4LWI1ODAtNmNiZThmMjJmN2M1XkEyXkFqcGdeQXVyMjc0ODgyNDU@._V1_Ratio0.6751_AL_.jpg
tt4683366,https://m.media-amazon.com/images/M/MV5BNmUxNGI4NDYtYmM1OC00ZjAwLWFlMjUtNGRhMGE5MjNlMjY4XkEyXkFqcGdeQXVyNjUyODQ3NzE@._V1_Ratio0.6751_AL_.jpg
tt5255710,https://m.media-amazon.com/images/M/MV5BMTQ3ZTJkYjItNTRhOC00ZjQ2LTgxMzgtZjE3NDY0NTlhYjcxXkEyXkFqcGdeQXVyOTA3MTM0MTM@._V1_Ratio0.6751_AL_.jpg
tt4399594,https://m.media-amazon.com/images/M/MV5BOWVhMjhjZWUtYjNlYS00ZGE3LTg2NTMtM2RhNTE5NGM3YzZmXkEyXkFqcGdeQXVyNjQ2MjQ5NzM@._V1_Ratio0.6751_AL_.jpg
tt4262516,https://m.media-amazon.com/images/M/MV5BODA1ZTJjODQtNzZmYi00YThmLTg5N2MtODUwNGFiYjRkNzBlXkEyXkFqcGdeQXVyODE5NzE3OTE@._V1_Ratio0.6751_AL_.jpg
tt4340180,https://m.media-amazon.com/images/M/MV5BZGY0NGU2ZmMtZjhjNi00YWFkLWJmNDUtZmY2Y2VhNjgwNDUxXkEyXkFqcGdeQXVyMjQwOTU5NTg@._V1_Ratio0.6751_AL_.jpg
tt5005142,https://m.media-amazon.com/images/M/MV5BN2E0NDUzNmQtZjc2ZC00NmZkLWFhMDAtYTBiODJmODc1NzcyXkEyXkFqcGdeQXVyODE5NzE3OTE@._V1_Ratio0.6751_AL_.jpg
tt5216810,https://m.media-amazon.com/images/M/MV5BNzBiOTEzOTgtMDY3MC00Njk4LTg3MGUtZTk5NDY0NjIyYzIxXkEyXkFqcGdeQXVyODE5NzE3OTE@._V1_Ratio0.6751_AL_.jpg
tt3776484,https://m.media-amazon.com/images/M/MV5BZjYzYWZiN2MtZWJiZC00OTE2LWJmODUtZTBiOTdjMjJiOTZlXkEyXkFqcGdeQXVyODE5NzE3OTE@._V1_Ratio0.6751_AL_.jpg
tt4979082,https://m.media-amazon.com/images/M/MV5BNTgwZjkxYjktZDQwNC00NWQ3LTlmOTctZWE5MjBlYzk2NWExXkEyXkFqcGdeQXVyODE5NzE3OTE@._V1_Ratio0.6751_AL_.jpg
tt5056470,https://m.media-amazon.com/images/M/MV5BMzk0MTE3ZmQtMDAwYy00M2Q5LWFmODAtYjdiNTYxMjEzZDUxXkEyXkFqcGdeQXVyNTIwODMzNjc@._V1_Ratio0.6751_AL_.jpg
tt4900716,https://m.media-amazon.com/images/M/MV5BMjE4NDk4MTIwNl5BMl5BanBnXkFtZTgwNDEwODI5NzE@._V1_Ratio0.6751_AL_.jpg
tt4744086,https://m.media-amazon.com/images/M/MV5BMmM1MjBhN2YtYjllNi00NTcyLThlNDUtMTllMzA4ZjhlZThhXkEyXkFqcGdeQXVyNzI1NzMxNzM@._V1_Ratio0.6751_AL_.jpg
tt3495026,https://m.media-amazon.com/images/M/MV5BYTk1MjNlMTYtYmE5OS00ZjgzLTg1MjktYzY2YjdhMDQzNzA4XkEyXkFqcGdeQXVyNTE0MDc0NTM@._V1_Ratio0.6751_AL_.jpg
tt5005684,https://m.media-amazon.com/images/M/MV5BYTM3ZDg0ODItMTQxNy00NDRmLWJlOTMtZTZhNThmOTRiY2YyXkEyXkFqcGdeQXVyODE5NzE3OTE@._V1_Ratio0.6751_AL_.jpg
tt8366590,https://m.media-amazon.com/images/M/MV5BZTAxNWE2MDItZWFlNS00MWM1LWI1ZjQtN2I5NDBhNWYzZjNhXkEyXkFqcGdeQXVyODE5NzE3OTE@._V1_Ratio0.6751_AL_.jpg
tt5638500,https://m.media-amazon.com/images/M/MV5BMjQzNTQ0OTgtZjI3OC00YjBlLThlMjYtNGUzMjYwMTgwNmU1XkEyXkFqcGdeQXVyNjQ2MjQ5NzM@._V1_Ratio0.6751_AL_.jpg
tt4559046,https://m.media-amazon.com/images/M/MV5BZDQ5Zjg2ZDktYWIyZi00MTE4LWJiZTQtNzcwMzg3YjAzNGNhXkEyXkFqcGdeQXVyNjQ2MjQ5NzM@._V1_Ratio0.6751_AL_.jpg
tt4434004,https://m.media-amazon.com/images/M/MV5BY2YxNjQxYWYtYzNkMi00YTgyLWIwZTMtYzgyYjZlZmYzZTA0XkEyXkFqcGdeQXVyMTA4NjE0NjEy._V1_Ratio0.6751_AL_.jpg
tt3679060,https://m.media-amazon.com/images/M/MV5BNzk1ZjI5ZDktODFmZi00OWI1LWJlNzctZDI4OWJjMjUyZTAzXkEyXkFqcGdeQXVyNjQ2MjQ5NzM@._V1_Ratio0.6751_AL_.jpg
tt3859980,https://m.media-amazon.com/images/M/MV5BNWZiZGFiYjMtMmJhYS00ZTMzLThlNGQtYjVhMjY0MjMwZjVjXkEyXkFqcGdeQXVyNTM3NDI3MzQ@._V1_Ratio0.6751_AL_.jpg
tt3405236,https://m.media-amazon.com/images/M/MV5BMTc2NTYwMTE1NV5BMl5BanBnXkFtZTgwODQ5MzAwMTI@._V1_Ratio0.6751_AL_.jpg
tt5460276,https://m.media-amazon.com/images/M/MV5BMWJkMjJiNzMtNzhmOC00MjQ3LTg5MmEtMTRkMTg1ZjQ2ZmM1L2ltYWdlL2ltYWdlXkEyXkFqcGdeQXVyNDkxMzY0Mjk@._V1_Ratio0.6751_AL_.jpg
tt5997666,https://m.media-amazon.com/images/M/MV5BMjIzMDI2NDUwOV5BMl5BanBnXkFtZTgwNzE2NjU3MjI@._V1_Ratio0.6751_AL_.jpg
tt4640206,https://m.media-amazon.com/images/M/MV5BZmY2M2I5ZGMtNWZjYy00MmI5LWI1NjgtMTY5NTY5NDFhZGRiXkEyXkFqcGdeQXVyNjc5MTcwMjQ@._V1_Ratio0.6751_AL_.jpg
tt5956100,https://m.media-amazon.com/images/M/MV5BYzM0ZTg2OTEtNzI4My00NjBlLWFhYTctY2E4NzdiYzY1YWYwXkEyXkFqcGdeQXVyODE5NzE3OTE@._V1_Ratio0.6751_AL_.jpg
tt5982852,https://m.media-amazon.com/images/M/MV5BMDY5MzFlYzEtNTg0YS00OGM5LWI1ZDMtZDkxN2Y2OTI1NGUxL2ltYWdlL2ltYWdlXkEyXkFqcGdeQXVyMjM1NjkwMDI@._V1_Ratio0.6751_AL_.jpg
tt5785170,https://m.media-amazon.com/images/M/MV5BMTAxODQ2NDEwOTZeQTJeQWpwZ15BbWU4MDk5MDM3NjIy._V1_Ratio0.6751_AL_.jpg
tt6108090,https://m.media-amazon.com/images/M/MV5BM2IzMGIxMDQtNzE3OS00MGZjLTljNzgtMGE2MjAyZThmNjNhXkEyXkFqcGdeQXVyMTExNDQ2MTI@._V1_Ratio0.6751_AL_.jpg
tt5764096,https://m.media-amazon.com/images/M/MV5BY2E4NWQ4ZjEtNThlOC00NThjLThmZjgtMWU0MDgzMmYwOGU3XkEyXkFqcGdeQXVyODE5NzE3OTE@._V1_Ratio0.6751_AL_.jpg
tt6299040,https://m.media-amazon.com/images/M/MV5BYmFlMDBkYjAtNmVjYi00Yzk3LTlhM2QtYTFhMmU2OTEwNzU2XkEyXkFqcGdeQXVyMTEzNzg0Mjkx._V1_Ratio0.6751_AL_.jpg
tt4129428,https://m.media-amazon.com/images/M/MV5BMTkyMzc1MTQxNl5BMl5BanBnXkFtZTgwMDIzNzM3MjI@._V1_Ratio0.6751_AL_.jpg
tt7469726,https://m.media-amazon.com/images/M/MV5BODFkMDRjMWQtNDllMC00NjMwLWFlYzQtMWY5YWFkM2Y1NzhlXkEyXkFqcGdeQXVyNzkxOTEyMjI@._V1_Ratio0.6751_AL_.jpg
tt6484982,https://m.media-amazon.com/images/M/MV5BMDk4Y2Q2MmUtYjE1YS00NjEwLTg0ZGYtOGJkZjUzOTllYzA0L2ltYWdlXkEyXkFqcGdeQXVyNzA0MTg0MzE@._V1_Ratio0.6751_AL_.jpg
tt6967980,https://m.media-amazon.com/images/M/MV5BYThmNTMwZDYtZWFiYi00MGI4LTk0NzUtMzc2Njc2MmRhOGE2XkEyXkFqcGdeQXVyODE5NzE3OTE@._V1_Ratio0.6751_AL_.jpg
tt3917908,https://m.media-amazon.com/images/M/MV5BYmRlOWRhMjEtN2QwYi00NmIxLWE3MDctMDg5OWZkMWE3ODNmXkEyXkFqcGdeQXVyNzgzMjQzMDM@._V1_Ratio0.6751_AL_.jpg
tt6277440,https://m.media-amazon.com/images/M/MV5BNTQ4MDY5OTE5Ml5BMl5BanBnXkFtZTgwNjA3MjQzMTI@._V1_Ratio0.6751_AL_.jpg
tt6692354,https://m.media-amazon.com/images/M/MV5BMDQyMmE4NmEtMjYwZi00OWQwLTg2YjgtZjM3ODhhMDZiYmVkXkEyXkFqcGdeQXVyNTgyNTA4MjM@._V1_Ratio0.6751_AL_.jpg
tt1806913,https://m.media-amazon.com/images/M/MV5BYmI5Y2JkNzUtNWJkZC00OTE1LTg3ZDItMjQ0Mzc1MjdhMzhiXkEyXkFqcGdeQXVyMjQwOTU5NTg@._V1_Ratio0.6751_AL_.jpg
tt4906960,https://m.media-amazon.com/images/M/MV5BNGYxOGVmM2UtMTM0YS00MWRlLWI4MTctMzE0ZWQ2OGJmMzUxXkEyXkFqcGdeQXVyODE5NzE3OTE@._V1_Ratio0.6751_AL_.jpg
tt6170954,https://m.media-amazon.com/images/M/MV5BMTkxMDk1Mjc2NF5BMl5BanBnXkFtZTgwNjk4Njk3MTI@._V1_Ratio0.6751_AL_.jpg
tt5613834,https://m.media-amazon.com/images/M/MV5BMDFkMjlhM2ItZGVjYy00YzAyLWFmMjEtNDM5OGNmODFmMzhkXkEyXkFqcGdeQXVyNjY1MTg4Mzc@._V1_Ratio0.6751_AL_.jpg
tt5954088,https://m.media-amazon.com/images/M/MV5BZGI1N2Q5NjktMDFiZC00NGQ0LTkzNzYtZmExZGEwODVhYjExL2ltYWdlXkEyXkFqcGdeQXVyNjE5MTgwOTU@._V1_Ratio0.6751_AL_.jpg
tt6971752,https://m.media-amazon.com/images/M/MV5BZGRhMDUxMjktYzdiZi00NTczLWIxMzQtMjEyZTU5MTYwNTg2XkEyXkFqcGdeQXVyNjY1MTg4Mzc@._V1_Ratio0.6751_AL_.jpg
tt6102396,https://m.media-amazon.com/images/M/MV5BMTA1NDcwMzc4NjNeQTJeQWpwZ15BbWU4MDgwOTg4NDQz._V1_Ratio0.6751_AL_.jpg
tt5935704,https://m.media-amazon.com/images/M/MV5BOWZjMjkwM2QtZTJiMy00MmI5LWI2YjEtMmY5NjNiYTE2NTBiXkEyXkFqcGdeQXVyNjQ2MjQ5NzM@._V1_Ratio0.6751_AL_.jpg
tt7881520,https://m.media-amazon.com/images/M/MV5BNjI2YjBmODAtNDBlZC00OTJlLTlmYTUtY2IyMGMyMzdhZjZiXkEyXkFqcGdeQXVyNjkxODM4NzA@._V1_Ratio0.6751_AL_.jpg
tt7218518,https://m.media-amazon.com/images/M/MV5BODViYjQ0YTktMTM5NS00YTVkLWE5MmUtNGY1MzUwOGY0OTg2XkEyXkFqcGdeQXVyNjg5NzkxNTU@._V1_Ratio0.6751_AL_.jpg
tt7853242,https://m.media-amazon.com/images/M/MV5BMzM4NGVhYjQtMTM5OS00ZmQ5LTg3NzktZDY5NzMwNmI4YzRmXkEyXkFqcGdeQXVyMTMxODk2OTU@._V1_Ratio0.6751_AL_.jpg
tt6774212,https://m.media-amazon.com/images/M/MV5BNGFlNGQ2YmMtMWU5YS00YmE3LWIzM2MtZGZlN2EzZmJhZDY4XkEyXkFqcGdeQXVyODE5NzE3OTE@._V1_Ratio0.6751_AL_.jpg
tt7581902,https://m.media-amazon.com/images/M/MV5BYTYxNGE5MTgtN2YxYS00ODYyLWE1YzQtYzNlMzAyMTBlMWZhXkEyXkFqcGdeQXVyMzcwOTk0MzU@._V1_Ratio0.6751_AL_.jpg
tt7329858,https://m.media-amazon.com/images/M/MV5BMTU4YzgxMjYtMzg4Mi00MjJiLThjOGMtYThkM2E0MWQ1NTA3XkEyXkFqcGdeQXVyODE5NzE3OTE@._V1_Ratio0.6751_AL_.jpg
tt7262178,https://m.media-amazon.com/images/M/MV5BN2UxMjQ2ZmItNmI0OC00ZGFkLWJhY2MtMDJhNTMxOGRhZTBkXkEyXkFqcGdeQXVyODE5NzE3OTE@._V1_Ratio0.6751_AL_.jpg
tt6071752,https://m.media-amazon.com/images/M/MV5BYzY3YWQzZDgtYzhjOS00YjY3LWFhMjMtMjEzYTdhM2JmNTQ5XkEyXkFqcGdeQXVyNzkxOTEyMjI@._V1_Ratio0.6751_AL_.jpg
tt7363076,https://m.media-amazon.com/images/M/MV5BN2NlMmUyZWUtZmI5Yy00YWM3LTkxYzgtM2ZiOTMwNTc5ZDg0XkEyXkFqcGdeQXVyNjcyNjMzMjQ@._V1_Ratio0.6751_AL_.jpg
tt6588966,https://m.media-amazon.com/images/M/MV5BMDNkZTVjYWMtZGJjNS00YTM5LWI1YmMtYmY0ZDFlOWNlZjFmXkEyXkFqcGdeQXVyMTkzOTcxOTg@._V1_Ratio0.6751_AL_.jpg
tt7884086,https://m.media-amazon.com/images/M/MV5BODA1NTg5NjctM2FhNC00MzZmLTgwNmMtNTBkNTJhNDhkNjU5XkEyXkFqcGdeQXVyMjEzNzg4NjU@._V1_Ratio0.6751_AL_.jpg
tt5598578,https://m.media-amazon.com/images/M/MV5BZWNkYzBhMzgtY2FlNC00Nzg1LWEyZmYtMTEyZDA0MTI0YTIyXkEyXkFqcGdeQXVyNjYxNzE3MDc@._V1_Ratio0.6751_AL_.jpg
tt6843812,https://m.media-amazon.com/images/M/MV5BZWMwNzkzNDEtYTI0Ni00NDNiLWIxNDgtYTc0MDcxMzAzYTE2XkEyXkFqcGdeQXVyODE5NzE3OTE@._V1_Ratio0.6751_AL_.jpg
tt7881558,https://m.media-amazon.com/images/M/MV5BNzQ3YTZhZDQtZjM4Ny00ZjA0LTg2NmMtZWNhZjU0MjdlMTZlXkEyXkFqcGdeQXVyODk4ODEyMjk@._V1_Ratio0.6751_AL_.jpg
tt6580564,https://m.media-amazon.com/images/M/MV5BZDRlM2Q3NTAtY2I3My00ZTNmLWE0YzAtMTA1YjA4MzcyZTQzXkEyXkFqcGdeQXVyNjY1MTg4Mzc@._V1_Ratio0.6751_AL_.jpg
tt7098658,https://m.media-amazon.com/images/M/MV5BZmVhN2JlYjEtZWFkOS00YzE0LThiNDMtMGI3NDA1MTk2ZDQ2XkEyXkFqcGdeQXVyODE5NzE3OTE@._V1_Ratio0.6751_AL_.jpg
tt6826438,https://m.media-amazon.com/images/M/MV5BMDNjZjkyNjQtNWMyMC00ODA5LTgyODctOGRiOWUwYTAzOWVjXkEyXkFqcGdeQXVyODE5NzE3OTE@._V1_Ratio0.6751_AL_.jpg
tt5842616,https://m.media-amazon.com/images/M/MV5BYzM2ZDZmNTItZjQ2YS00N2U3LWFlZDMtZDRjZGYwZmM0N2Q4XkEyXkFqcGdeQXVyODE5NzE3OTE@._V1_Ratio0.6751_AL_.jpg
tt7431594,https://m.media-amazon.com/images/M/MV5BMzQ4ZTc5ZTItYWRhNi00YTJjLWI4NGMtNjA0ODQ1ZDQxNzkyXkEyXkFqcGdeQXVyNjc4NjAxMzM@._V1_Ratio0.6751_AL_.jpg
tt6452574,https://m.media-amazon.com/images/M/MV5BMjI3NTM1NzMyNF5BMl5BanBnXkFtZTgwOTE4NTgzNTM@._V1_Ratio0.6751_AL_.jpg
tt7690638,https://m.media-amazon.com/images/M/MV5BMDdlY2Y0NjctN2ViOS00MmQ3LWI3YmEtNGFkYTNjYjFiN2QxXkEyXkFqcGdeQXVyODE5NzE3OTE@._V1_Ratio0.6751_AL_.jpg
tt7638344,https://m.media-amazon.com/images/M/MV5BMDkxM2FmZTYtN2JlNi00YTNkLWIxMGYtYWE5MmFmOTY1NWE0XkEyXkFqcGdeQXVyODE5NzE3OTE@._V1_Ratio0.6751_AL_.jpg
tt7695014,https://m.media-amazon.com/images/M/MV5BZjA1Njc1ZTYtMWIyMy00MDQ5LTkwYjItZmZjMTE3MjVmMDFjXkEyXkFqcGdeQXVyODE5NzE3OTE@._V1_Ratio0.6751_AL_.jpg
tt8060624,https://m.media-amazon.com/images/M/MV5BMTUzNDM2Njc0N15BMl5BanBnXkFtZTgwNDg3MTE5NTM@._V1_Ratio0.6751_AL_.jpg
tt10739666,https://m.media-amazon.com/images/M/MV5BNTg3ZWEzZjctMzY1NC00MjI2LWIwMjktZTM0YzE0NjY5OWY3XkEyXkFqcGdeQXVyODE5NzE3OTE@._V1_Ratio0.6751_AL_.jpg
tt7609114,https://m.media-amazon.com/images/M/MV5BZTcyMDIyMzktNTMwYi00NDBkLThiMWMtOTBlY2JkNDNiMzhmXkEyXkFqcGdeQXVyODE5NzE3OTE@._V1_Ratio0.6751_AL_.jpg
tt7722258,https://m.media-amazon.com/images/M/MV5BMTQ5NDA4Y2EtNjYyNC00MDExLWIxYWMtMDgxMjFlODIyMTU1XkEyXkFqcGdeQXVyODE5NzE3OTE@._V1_Ratio0.6751_AL_.jpg
tt8108202,https://m.media-amazon.com/images/M/MV5BMjk4NGZiMzAtODU1NS00MmQ4LWJiNmQtNWU5ZWU4Y2VmNWI0XkEyXkFqcGdeQXVyODE5NzE3OTE@._V1_Ratio0.6751_AL_.jpg
tt8011276,https://m.media-amazon.com/images/M/MV5BZWZjODA1MmUtYmU0My00M2JiLTk2ODEtYzMxODJmMTM5MzY1XkEyXkFqcGdeQXVyODE5NzE3OTE@._V1_Ratio0.6751_AL_.jpg
tt8291224,https://m.media-amazon.com/images/M/MV5BMWU4ZjNlNTQtOGE2MS00NDI0LWFlYjMtMmY3ZWVkMjJkNGRmXkEyXkFqcGdeQXVyNjE1OTQ0NjA@._V1_Ratio0.6751_AL_.jpg
tt6903440,https://m.media-amazon.com/images/M/MV5BNWU5NjgyMmEtYTBkZC00ZTBmLTg5YTQtM2FlMzg1Y2Y4NWI2XkEyXkFqcGdeQXVyODE5NzE3OTE@._V1_Ratio0.6751_AL_.jpg
tt8108164,https://m.media-amazon.com/images/M/MV5BZTNlY2YyOGYtZWFhYy00MDc3LTliYzMtZTUyYzVlNjQxZGRjXkEyXkFqcGdeQXVyNjE1OTQ0NjA@._V1_Ratio0.6751_AL_.jpg
tt2395469,https://m.media-amazon.com/images/M/MV5BZDkzMTQ1YTMtMWY4Ny00MzExLTkzYzEtNzZhOTczNzU2NTU1XkEyXkFqcGdeQXVyODY3NjMyMDU@._V1_Ratio0.6751_AL_.jpg
tt8908002,https://m.media-amazon.com/images/M/MV5BY2MwM2ZhNTItMzkwNi00MTQxLTljMDAtZTk1YmU2M2YzNGVmXkEyXkFqcGdeQXVyNjE1OTQ0NjA@._V1_Ratio0.6751_AL_.jpg
tt6264938,https://m.media-amazon.com/images/M/MV5BYTRhZWVkNTctMzRmYy00MDk1LWIzNDYtMjA1ZGE5YWJkYjU0XkEyXkFqcGdeQXVyODE5NzE3OTE@._V1_Ratio0.6751_AL_.jpg
tt8647400,https://m.media-amazon.com/images/M/MV5BOTRiYzExNWItNDk4ZS00Y2RiLTgwNmUtODI5N2FmOGM5NzM3XkEyXkFqcGdeQXVyODE5NzE3OTE@._V1_Ratio0.6751_AL_.jpg
tt8983202,https://m.media-amazon.com/images/M/MV5BOTIyMTNkMWQtZDJlYi00OGJmLTliN2MtOGE0YjY4NzFiYTNmXkEyXkFqcGdeQXVyOTAzMTc2MjA@._V1_Ratio0.6751_AL_.jpg
tt7485048,https://m.media-amazon.com/images/M/MV5BMWQzM2Y0ZDQtYjA1MS00YmUzLWFiMGQtZTliZWM1MWRiNDZhXkEyXkFqcGdeQXVyNTE2MzU4OTA@._V1_Ratio0.6751_AL_.jpg
tt8869978,https://m.media-amazon.com/images/M/MV5BZmI4M2I1NWYtM2MwNS00NDJmLThhMmMtNDk1MzM4ZWQyMDZmXkEyXkFqcGdeQXVyODE5NzE3OTE@._V1_Ratio0.6751_AL_.jpg
tt9248972,https://m.media-amazon.com/images/M/MV5BZThmMWFlOWYtY2M0YS00OWIxLWI4MzgtYTJhMDNkZDY4ZjhjXkEyXkFqcGdeQXVyNzc4NzEzNjY@._V1_Ratio0.6751_AL_.jpg
tt9052870,https://m.media-amazon.com/images/M/MV5BYjg2ZDI2YTYtN2EwYi00YWI5LTgyMWQtMWFkYmE3NmJkOGVhXkEyXkFqcGdeQXVyODE5NzE3OTE@._V1_Ratio0.6751_AL_.jpg
tt7430722,https://m.media-amazon.com/images/M/MV5BNTlmNDMzOWQtYzg4Ny00OWQ0LWFhN2MtNmQ2MDczZGZhNTU5XkEyXkFqcGdeQXVyODE5NzE3OTE@._V1_Ratio0.6751_AL_.jpg
tt7721946,https://m.media-amazon.com/images/M/MV5BYjIyODM0OTAtMmYwNS00YTA1LTkwMjctYzcwZWFhZjcyMWM2XkEyXkFqcGdeQXVyOTAzMTc2MjA@._V1_Ratio0.6751_AL_.jpg
tt8108206,https://m.media-amazon.com/images/M/MV5BNDBmMDQ1ZTMtN2RhOS00NzE2LTkwODMtZTMyNWQyOWNiOGRhXkEyXkFqcGdeQXVyOTAzMTc2MjA@._V1_Ratio0.6751_AL_.jpg
tt9420648,https://m.media-amazon.com/images/M/MV5BZmM4YWNjODItZTliOS00M2Y2LTk5ZjgtMDVhMDBiMTlkYTNjXkEyXkFqcGdeQXVyODE5NzE3OTE@._V1_Ratio0.6751_AL_.jpg
tt5668770,https://m.media-amazon.com/images/M/MV5BNWZhYTc4M2ItNDc3NS00NjIxLWEzNWMtZWIyNDgzMmUwZWM3XkEyXkFqcGdeQXVyMTkzOTcxOTg@._V1_Ratio0.6751_AL_.jpg
tt9680136,https://m.media-amazon.com/images/M/MV5BMjQzOGM5ZmYtYzA2ZS00ZDk0LWI2NzctMmMzZDg3MWExMmM0XkEyXkFqcGdeQXVyOTAzMTc2MjA@._V1_Ratio0.6751_AL_.jpg
tt8504014,https://m.media-amazon.com/images/M/MV5BNWQzNGQxY2YtNWZjOC00MGU4LTgzNTUtODliOGQzYTkxYzM1XkEyXkFqcGdeQXVyMTA5NzIyMDY5._V1_Ratio0.6751_AL_.jpg
tt8110330,https://m.media-amazon.com/images/M/MV5BNmI0MTliMTAtMmJhNC00NTJmLTllMzQtMDI3NzA1ODMyZWI1XkEyXkFqcGdeQXVyODE5NzE3OTE@._V1_Ratio0.6751_AL_.jpg
tt8108274,https://m.media-amazon.com/images/M/MV5BMDc5ZmQ3MzUtYTY4OS00YTE3LTkwNmItNmQ2ODIwNWM3MzY1XkEyXkFqcGdeQXVyODE5NzE3OTE@._V1_Ratio0.6751_AL_.jpg
tt10964430,https://m.media-amazon.com/images/M/MV5BNWQ1Yzc2NDYtN2RjNC00ZGIyLWJkMjItMDlkODVhNjg0OTczXkEyXkFqcGdeQXVyODE5NzE3OTE@._V1_Ratio0.6751_AL_.jpg
tt10230426,https://m.media-amazon.com/images/M/MV5BYzJkMjhkZDgtMjM4Yy00OWJiLWFlZmMtMjk5YTVlNDg5NDJhXkEyXkFqcGdeQXVyODE5NzE3OTE@._V1_Ratio0.6751_AL_.jpg
tt8907986,https://m.media-amazon.com/images/M/MV5BNjlkZjBjZmUtNjZjNS00ODlkLWIzODYtODY0NmViN2E0MjIxXkEyXkFqcGdeQXVyODE5NzE3OTE@._V1_Ratio0.6751_AL_.jpg
tt8983166,https://m.media-amazon.com/images/M/MV5BMDFlMjdmOTktMjQyNi00MjE4LWFiMTMtZmNhYzFjYzMyYTRjXkEyXkFqcGdeQXVyMTA5NzIyMDY5._V1_Ratio0.6751_AL_.jpg
tt9877170,https://m.media-amazon.com/images/M/MV5BMDJiMDQyYTItZTA0NC00NmVlLTg3NGItMjQwOWI2ZjY0MmE5XkEyXkFqcGdeQXVyOTAzMTc2MjA@._V1_Ratio0.6751_AL_.jpg
tt10309906,https://m.media-amazon.com/images/M/MV5BMTNhOWM4Y2MtZDhjNC00ZTZmLWJkMDUtNGE4Nzg2MzhmMzY0XkEyXkFqcGdeQXVyOTAzMTc2MjA@._V1_Ratio0.6751_AL_.jpg
tt9248952,https://m.media-amazon.com/images/M/MV5BNjY1OTI0NjEtNzRmZS00NzFlLTlhMTgtNjdmNWY2MDQ3YzIwXkEyXkFqcGdeQXVyODE5NzE3OTE@._V1_Ratio0.6751_AL_.jpg
tt10463030,https://m.media-amazon.com/images/M/MV5BNzFlZjA1YzAtMmYwNy00NjQ5LWJkNDUtNzczYjc0NGViNjRjXkEyXkFqcGdeQXVyOTAzMTc2MjA@._V1_Ratio0.6751_AL_.jpg
tt10280276,https://m.media-amazon.com/images/M/MV5BNTk2MmQxYzMtYzVhZS00NzdhLTg3YmUtMzIyMDY3MTFmYmFhXkEyXkFqcGdeQXVyODE5NzE3OTE@._V1_Ratio0.6751_AL_.jpg
tt10295212,https://m.media-amazon.com/images/M/MV5BMjk1NzcwMDUtNDU4ZC00MzlhLTkzZjAtM2MxMTRjZGE0ODdhXkEyXkFqcGdeQXVyODE5NzE3OTE@._V1_Ratio0.6751_AL_.jpg
tt10895576,https://m.media-amazon.com/images/M/MV5BZTkwMDQ4ZmEtNTdhNi00MmMzLTgwNTQtMDI1NDJjZjQ5Zjg5XkEyXkFqcGdeQXVyNDAzNDk0MTQ@._V1_Ratio0.6751_AL_.jpg
tt13491110,https://m.media-amazon.com/images/M/MV5BNjczYTcxYTAtOTZjMS00YzQzLWFjYjctZGI0MmJmNThiYzcwXkEyXkFqcGdeQXVyMTIzMzg0MTM2._V1_Ratio0.6751_AL_.jpg
tt13510660,https://m.media-amazon.com/images/M/MV5BNzUyOWU2M2MtMDU1Yy00M2E1LTg3OTktMGRjYTE2MjkzYzUwXkEyXkFqcGdeQXVyODE5NzE3OTE@._V1_Ratio0.6751_AL_.jpg
tt10741542,https://m.media-amazon.com/images/M/MV5BNjJmMzYyN2ItMzU0NS00MmYyLWI0ZDQtMjFmMWJkYWQ2YjYwXkEyXkFqcGdeQXVyNjY1MTg4Mzc@._V1_Ratio0.6751_AL_.jpg
tt10083640,https://m.media-amazon.com/images/M/MV5BNzE5OGQwMjgtMDFjOC00MzkyLTlhZTktNGE0NmUyODYyNDA5XkEyXkFqcGdeQXVyODE5NzE3OTE@._V1_Ratio0.6751_AL_.jpg
tt11142762,https://m.media-amazon.com/images/M/MV5BMDczN2RkMjAtNDk0Yy00NGVjLWI0MjEtNzUzNjdmMWUwYTc4XkEyXkFqcGdeQXVyODE5NzE3OTE@._V1_Ratio0.6751_AL_.jpg
tt10483386,https://m.media-amazon.com/images/M/MV5BYWE0YjVjMjgtY2JmYi00MGJhLWE2NjktNDU0MTYxODZhNzQ3XkEyXkFqcGdeQXVyOTg3MTI0NjA@._V1_Ratio0.6751_AL_.jpg
tt9614452,https://m.media-amazon.com/images/M/MV5BZjJlYzI1Y2YtZGJkZi00YzRkLWFlNjQtNTViM2Q2NTY5OGQ3XkEyXkFqcGdeQXVyODE5NzE3OTE@._V1_Ratio0.6751_AL_.jpg
tt11260832,https://m.media-amazon.com/images/M/MV5BNjZjNTU2MTQtNGQ5YS00YjQ1LTgwZTctYWNjMGRjMzhkMmVhXkEyXkFqcGdeQXVyMTI1NDEyNTM5._V1_Ratio0.6751_AL_.jpg
tt9531772,https://m.media-amazon.com/images/M/MV5BNDI3M2E5ZGQtZjVlNS00NzFhLTg0NTAtZDZmOTBjODg3ZDQ1XkEyXkFqcGdeQXVyNzkxOTEyMjI@._V1_Ratio0.6751_AL_.jpg
tt12861850,https://m.media-amazon.com/images/M/MV5BZDQxZmFlMWItNGU4ZS00YjcwLWJlMmMtZmQyZTFhOWNkYzg5XkEyXkFqcGdeQXVyMTI1NDEyNTM5._V1_Ratio0.6751_AL_.jpg
tt9766332,https://m.media-amazon.com/images/M/MV5BZGI2MDk2NGEtNDcwZC00NmU5LTk5NmMtODE1NDRlMDFmODU2XkEyXkFqcGdeQXVyNDAzNDk0MTQ@._V1_Ratio0.6751_AL_.jpg
tt10811166,https://m.media-amazon.com/images/M/MV5BMGIxY2I2YWQtMWFmYy00ZjZjLWJlOWQtYzg0NDczZDI3OTViXkEyXkFqcGdeQXVyMTIyNzY0NTMx._V1_Ratio0.6751_AL_.jpg
tt0113189,https://m.media-amazon.com/images/M/MV5BMzk2OTg4MTk1NF5BMl5BanBnXkFtZTcwNjExNTgzNA@@._V1_Ratio0.6751_AL_.jpg
tt0113118,https://m.media-amazon.com/images/M/MV5BYmEwNjNlZTUtNzkwMS00ZTlhLTkyY2MtMjM2MzlmODQyZGVhXkEyXkFqcGdeQXVyNTI4MjkwNjA@._V1_Ratio0.6751_AL_.jpg
tt0116367,https://m.media-amazon.com/images/M/MV5BZjk3YmZhMDAtOWUzMS00YjE5LTkxNzAtY2I1NGZjMDA2ZTk0XkEyXkFqcGdeQXVyMTQxNzMzNDI@._V1_Ratio0.6751_AL_.jpg
tt0112541,https://m.media-amazon.com/images/M/MV5BYzlkYTMwYWYtOGFiMy00N2U3LThkYTMtYWEyZWY5MTIyY2E4XkEyXkFqcGdeQXVyMjQwMjk0NjI@._V1_Ratio0.6751_AL_.jpg
tt0113820,https://m.media-amazon.com/images/M/MV5BN2I2Y2I5N2MtMzJhMy00NzE2LThlMzEtNGE0ODA4M2JhOWNiXkEyXkFqcGdeQXVyNTI4MjkwNjA@._V1_Ratio0.6751_AL_.jpg
tt0109445,https://m.media-amazon.com/images/M/MV5BNzE1Njk0NmItNDhlMC00ZmFlLWI4ZTUtYTY4ZjgzNjkyMTU1XkEyXkFqcGdeQXVyMTQxNzMzNDI@._V1_Ratio0.6751_AL_.jpg
tt0076759,https://m.media-amazon.com/images/M/MV5BNzVlY2MwMjktM2E4OS00Y2Y3LWE3ZjctYzhkZGM3YzA1ZWM2XkEyXkFqcGdeQXVyNzkwMjQ5NzM@._V1_Ratio0.6751_AL_.jpg
tt0111333,https://m.media-amazon.com/images/M/MV5BYWMzOWJjYTEtNDhkNC00OTE2LThkODItOTBmYTgwZTQxZWViXkEyXkFqcGdeQXVyNzc5MjA3OA@@._V1_Ratio0.6751_AL_.jpg
tt0110357,https://m.media-amazon.com/images/M/MV5BYTYxNGMyZTYtMjE3MS00MzNjLWFjNmYtMDk3N2FmM2JiM2M1XkEyXkFqcGdeQXVyNjY5NDU4NzI@._V1_Ratio0.6751_AL_.jpg
tt0107290,https://m.media-amazon.com/images/M/MV5BMjM2MDgxMDg0Nl5BMl5BanBnXkFtZTgwNTM2OTM5NDE@._V1_Ratio0.6751_AL_.jpg
tt0083658,https://m.media-amazon.com/images/M/MV5BNzQzMzJhZTEtOWM4NS00MTdhLTg0YjgtMjM4MDRkZjUwZDBlXkEyXkFqcGdeQXVyNjU0OTQ0OTY@._V1_Ratio0.6751_AL_.jpg
tt0099785,https://m.media-amazon.com/images/M/MV5BMzFkM2YwOTQtYzk2Mi00N2VlLWE3NTItN2YwNDg1YmY0ZDNmXkEyXkFqcGdeQXVyMTMxODk2OTU@._V1_Ratio0.6751_AL_.jpg
tt0103639,https://m.media-amazon.com/images/M/MV5BY2Q2NDI1MjUtM2Q5ZS00MTFlLWJiYWEtNTZmNjQ3OGJkZDgxXkEyXkFqcGdeQXVyNTI4MjkwNjA@._V1_Ratio0.6751_AL_.jpg
tt0101414,https://m.media-amazon.com/images/M/MV5BMzE5MDM1NDktY2I0OC00YWI5LTk2NzUtYjczNDczOWQxYjM0XkEyXkFqcGdeQXVyMTQxNzMzNDI@._V1_Ratio0.6751_AL_.jpg
tt0117060,https://m.media-amazon.com/images/M/MV5BMTc3NjI2MjU0Nl5BMl5BanBnXkFtZTgwNDk3ODYxMTE@._V1_Ratio0.6751_AL_.jpg
tt0112691,https://m.media-amazon.com/images/M/MV5BNzliZjhkODctMGJjOS00YWQ3LWEzMjgtYmZjNzMwMDYwYWNjXkEyXkFqcGdeQXVyNTAyODkwOQ@@._V1_Ratio0.6751_AL_.jpg
tt0070820,https://m.media-amazon.com/images/M/MV5BN2ExYmM2NjktODBkYy00NTdmLWI4OTEtMGNiYmE3NzY3ZjM0XkEyXkFqcGdeQXVyNDkzNTM2ODg@._V1_Ratio0.6751_AL_.jpg
tt0117951,https://m.media-amazon.com/images/M/MV5BMzA5Zjc3ZTMtMmU5YS00YTMwLWI4MWUtYTU0YTVmNjVmODZhXkEyXkFqcGdeQXVyNjU0OTQ0OTY@._V1_Ratio0.6751_AL_.jpg
tt0116225,https://m.media-amazon.com/images/M/MV5BOWUzNTRmNTQtNWMwZS00MTg4LThhMDUtYmQ5OGQ5MmNmYzNmXkEyXkFqcGdeQXVyMTQxNzMzNDI@._V1_Ratio0.6751_AL_.jpg
tt0068646,https://m.media-amazon.com/images/M/MV5BM2MyNjYxNmUtYTAwNi00MTYxLWJmNWYtYzZlODY3ZTk3OTFlXkEyXkFqcGdeQXVyNzkwMjQ5NzM@._V1_Ratio0.6751_AL_.jpg
tt0042332,https://m.media-amazon.com/images/M/MV5BOGU0NGQ1MzEtODIwZS00YTdiLWJhMzQtN2RkN2YzNGVjNDZkXkEyXkFqcGdeQXVyMTQxNzMzNDI@._V1_Ratio0.6751_AL_.jpg
tt0082406,https://m.media-amazon.com/images/M/MV5BMDQzZWRlYjctMjE0ZS00NWU5LWE3NzktYzZiNzJiM2UxMDczXkEyXkFqcGdeQXVyNjUwNzk3NDc@._V1_Ratio0.6751_AL_.jpg
tt0115491,https://m.media-amazon.com/images/M/MV5BODFkMjE5YzAtMDFkOC00ZDNhLTkwNmQtODk1Y2VhNThlNWJhXkEyXkFqcGdeQXVyNzY1NDgwNjQ@._V1_Ratio0.6751_AL_.jpg
tt0092890,https://m.media-amazon.com/images/M/MV5BMTc3MDY3ODQ2OV5BMl5BanBnXkFtZTgwOTQ2NTYxMTE@._V1_Ratio0.6751_AL_.jpg
tt0103772,https://m.media-amazon.com/images/M/MV5BZjk0YmJkNjItNDY3Mi00ZWFiLWEwY2EtMDJlZWJlOWZkNzJlXkEyXkFqcGdeQXVyMTQxNzMzNDI@._V1_Ratio0.6751_AL_.jpg
tt0082340,https://m.media-amazon.com/images/M/MV5BMTUzMTY0Nzg0MV5BMl5BanBnXkFtZTgwMDU3MzQxMDE@._V1_Ratio0.6751_AL_.jpg
tt0108598,https://m.media-amazon.com/images/M/MV5BNDBmNGU4MTEtMmI2Mi00NjU1LTgxNTktMDQ1MDE0Y2MwMjYwXkEyXkFqcGdeQXVyNTAyODkwOQ@@._V1_Ratio0.6751_AL_.jpg
tt0080684,https://m.media-amazon.com/images/M/MV5BYmU1NDRjNDgtMzhiMi00NjZmLTg5NGItZDNiZjU5NTU4OTE0XkEyXkFqcGdeQXVyNzkwMjQ5NzM@._V1_Ratio0.6751_AL_.jpg
tt0082971,https://m.media-amazon.com/images/M/MV5BMjA0ODEzMTc1Nl5BMl5BanBnXkFtZTcwODM2MjAxNA@@._V1_Ratio0.6751_AL_.jpg
tt0060196,https://m.media-amazon.com/images/M/MV5BNjJlYmNkZGItM2NhYy00MjlmLTk5NmQtNjg1NmM2ODU4OTMwXkEyXkFqcGdeQXVyMjUzOTY1NTc@._V1_Ratio0.6751_AL_.jpg
tt0086190,https://m.media-amazon.com/images/M/MV5BOWZlMjFiYzgtMTUzNC00Y2IzLTk1NTMtZmNhMTczNTk0ODk1XkEyXkFqcGdeQXVyNTAyODkwOQ@@._V1_Ratio0.6751_AL_.jpg
tt0078748,https://m.media-amazon.com/images/M/MV5BOGQzZTBjMjQtOTVmMS00NGE5LWEyYmMtOGQ1ZGZjNmRkYjFhXkEyXkFqcGdeQXVyMjUzOTY1NTc@._V1_Ratio0.6751_AL_.jpg
tt0088247,https://m.media-amazon.com/images/M/MV5BYTViNzMxZjEtZGEwNy00MDNiLWIzNGQtZDY2MjQ1OWViZjFmXkEyXkFqcGdeQXVyNzkwMjQ5NzM@._V1_Ratio0.6751_AL_.jpg
tt0088763,https://m.media-amazon.com/images/M/MV5BZmU0M2Y1OGUtZjIxNi00ZjBkLTg1MjgtOWIyNThiZWIwYjRiXkEyXkFqcGdeQXVyMTQxNzMzNDI@._V1_Ratio0.6751_AL_.jpg
tt0032455,https://m.media-amazon.com/images/M/MV5BMjAxMTI1Njk3OF5BMl5BanBnXkFtZTgwNjkzODk4NTE@._V1_Ratio0.6751_AL_.jpg
tt0097576,https://m.media-amazon.com/images/M/MV5BMjNkMzc2N2QtNjVlNS00ZTk5LTg0MTgtODY2MDAwNTMwZjBjXkEyXkFqcGdeQXVyNDk3NzU2MTQ@._V1_Ratio0.6751_AL_.jpg
tt0073195,https://m.media-amazon.com/images/M/MV5BMmVmODY1MzEtYTMwZC00MzNhLWFkNDMtZjAwM2EwODUxZTA5XkEyXkFqcGdeQXVyNTAyODkwOQ@@._V1_Ratio0.6751_AL_.jpg
tt0119654,https://m.media-amazon.com/images/M/MV5BOTlhYTVkMDktYzIyNC00NzlkLTlmN2ItOGEyMWQ4OTA2NDdmXkEyXkFqcGdeQXVyNTAyODkwOQ@@._V1_Ratio0.6751_AL_.jpg
tt0099810,https://m.media-amazon.com/images/M/MV5BZDdkODg3YzctMGVmZS00ZDM5LWIzNTctZDRlMjA5Mjc4MGViXkEyXkFqcGdeQXVyODE5NzE3OTE@._V1_Ratio0.6751_AL_.jpg
tt0119303,https://m.media-amazon.com/images/M/MV5BZTJhYjVhOWMtYTUyOS00NWM0LThjNzYtZWYxOTkwN2FhODg2XkEyXkFqcGdeQXVyMTQxNzMzNDI@._V1_Ratio0.6751_AL_.jpg
tt0120347,https://m.media-amazon.com/images/M/MV5BMTM1MTk2ODQxNV5BMl5BanBnXkFtZTcwOTY5MDg0NA@@._V1_Ratio0.6751_AL_.jpg
tt0077651,https://m.media-amazon.com/images/M/MV5BNzk1OGU2NmMtNTdhZC00NjdlLWE5YTMtZTQ0MGExZTQzOGQyXkEyXkFqcGdeQXVyMTQxNzMzNDI@._V1_Ratio0.6751_AL_.jpg
tt0082495,https://m.media-amazon.com/images/M/MV5BMjZmYjg0ODctOTIyYy00YzhkLTgyMzEtNjUyY2JiZjVmYzI2XkEyXkFqcGdeQXVyMTQxNzMzNDI@._V1_Ratio0.6751_AL_.jpg
tt0070047,https://m.media-amazon.com/images/M/MV5BYWFlZGY2NDktY2ZjOS00ZWNkLTg0ZDAtZDY4MTM1ODU4ZjljXkEyXkFqcGdeQXVyMjUzOTY1NTc@._V1_Ratio0.6751_AL_.jpg
tt0096874,https://m.media-amazon.com/images/M/MV5BZTMxMGM5MjItNDJhNy00MWI2LWJlZWMtOWFhMjI5ZTQwMWM3XkEyXkFqcGdeQXVyMTQxNzMzNDI@._V1_Ratio0.6751_AL_.jpg
tt0099088,https://m.media-amazon.com/images/M/MV5BYjhlMGYxNmMtOWFmMi00Y2M2LWE5NWYtZTdlMDRlMGEzMDA3XkEyXkFqcGdeQXVyMTQxNzMzNDI@._V1_Ratio0.6751_AL_.jpg
tt0099674,https://m.media-amazon.com/images/M/MV5BNWFlYWY2YjYtNjdhNi00MzVlLTg2MTMtMWExNzg4NmM5NmEzXkEyXkFqcGdeQXVyMDk5Mzc5MQ@@._V1_Ratio0.6751_AL_.jpg
tt0061852,https://m.media-amazon.com/images/M/MV5BMjAwMTExODExNl5BMl5BanBnXkFtZTgwMjM2MDgyMTE@._V1_Ratio0.6751_AL_.jpg
tt0055254,https://m.media-amazon.com/images/M/MV5BZGMyMjE4OGUtNGZmMC00YzdmLThkMWYtZWIzMmEzNjA4MzVkXkEyXkFqcGdeQXVyMTQxNzMzNDI@._V1_Ratio0.6751_AL_.jpg
tt0034492,https://m.media-amazon.com/images/M/MV5BY2JhMTJmYjYtNTVkYi00OWE3LWJlMjEtOWI4MTFkMjJhMmQ3XkEyXkFqcGdeQXVyNzY1NDgwNjQ@._V1_Ratio0.6751_AL_.jpg
tt0107952,https://m.media-amazon.com/images/M/MV5BNWYxY2RkNTAtYTUzYi00ODI5LWJkNTItMTYyOTRhMjk5OWM3XkEyXkFqcGdeQXVyNzY1NDgwNjQ@._V1_Ratio0.6751_AL_.jpg
tt0087469,https://m.media-amazon.com/images/M/MV5BMGI1NTk2ZWMtMmI0YS00Yzg0LTljMzgtZTg4YjkyY2E5Zjc0XkEyXkFqcGdeQXVyNzkwMjQ5NzM@._V1_Ratio0.6751_AL_.jpg
tt0120611,https://m.media-amazon.com/images/M/MV5BOTk2NDNjZWQtMGY0Mi00YTY2LWE5MzctMGRhZmNlYzljYTg5XkEyXkFqcGdeQXVyMTAyNjg4NjE0._V1_Ratio0.6751_AL_.jpg
tt0084787,https://m.media-amazon.com/images/M/MV5BNGViZWZmM2EtNGYzZi00ZDAyLTk3ODMtNzIyZTBjN2Y1NmM1XkEyXkFqcGdeQXVyNTAyODkwOQ@@._V1_Ratio0.6751_AL_.jpg
tt0120877,https://m.media-amazon.com/images/M/MV5BMTlmYzc0YmEtNDQ3ZS00ZmFjLTkxMmEtZDY5NGVmOWQ0MzQwXkEyXkFqcGdeQXVyMTQxNzMzNDI@._V1_Ratio0.6751_AL_.jpg
tt0090264,https://m.media-amazon.com/images/M/MV5BZmFlNmNjMzYtNWUwNS00MzRmLWJhZDktNWE3MGY3ZjdkOTI2XkEyXkFqcGdeQXVyMjUzOTY1NTc@._V1_Ratio0.6751_AL_.jpg
tt0063442,https://m.media-amazon.com/images/M/MV5BMTg0NjUwMzg5NF5BMl5BanBnXkFtZTgwNDQ0NjcwMTE@._V1_Ratio0.6751_AL_.jpg
tt0133093,https://m.media-amazon.com/images/M/MV5BNzQzOTk3OTAtNDQ0Zi00ZTVkLWI0MTEtMDllZjNkYzNjNTc4L2ltYWdlXkEyXkFqcGdeQXVyNjU0OTQ0OTY@._V1_Ratio0.6751_AL_.jpg
tt0120616,https://m.media-amazon.com/images/M/MV5BOTJiYjBhZDgtMjhiOC00MTIzLThlNGMtMmI1NjIwM2M3YTI5XkEyXkFqcGdeQXVyMTQxNzMzNDI@._V1_Ratio0.6751_AL_.jpg
tt0120915,https://m.media-amazon.com/images/M/MV5BYTRhNjcwNWQtMGJmMi00NmQyLWE2YzItODVmMTdjNWI0ZDA2XkEyXkFqcGdeQXVyNTAyODkwOQ@@._V1_Ratio0.6751_AL_.jpg
tt0073629,https://m.media-amazon.com/images/M/MV5BOGIzYjM3YzMtMjk5ZS00NDY2LTllMjEtNjYwZjhmMDNhMDBkXkEyXkFqcGdeQXVyODUzMjQxMTA@._V1_Ratio0.6751_AL_.jpg
tt0120855,https://m.media-amazon.com/images/M/MV5BY2ZiYWUxN2ItYmQxZi00NDlkLWE2NDAtOTNmYTg1MDI0NDk1XkEyXkFqcGdeQXVyNjUwNzk3NDc@._V1_Ratio0.6751_AL_.jpg
tt0185937,https://m.media-amazon.com/images/M/MV5BNzQ1NDBlNDItMDAyYS00YTI2LTgwMmYtMzAwMzg4NDFlM2ZmXkEyXkFqcGdeQXVyMTQxNzMzNDI@._V1_Ratio0.6751_AL_.jpg
tt0087332,https://m.media-amazon.com/images/M/MV5BMTkxMjYyNzgwMl5BMl5BanBnXkFtZTgwMTE3MjYyMTE@._V1_Ratio0.6751_AL_.jpg
tt0079714,https://m.media-amazon.com/images/M/MV5BZTdmN2RkODEtODM4ZS00ZGRlLTliMTYtYmZmZWZkMTZmODYxL2ltYWdlL2ltYWdlXkEyXkFqcGdeQXVyMTQxNzMzNDI@._V1_Ratio0.6751_AL_.jpg
tt0058150,https://m.media-amazon.com/images/M/MV5BZmJlMDg4NzYtMzNmNS00ZWIzLWIyMTItZGViOTZiMWQ0NzkyXkEyXkFqcGdeQXVyMjUzOTY1NTc@._V1_Ratio0.6751_AL_.jpg
tt0057076,https://m.media-amazon.com/images/M/MV5BYzQ3ODdjNjQtNzVkYi00YmM5LThkYjMtZDFmYmYxZjZlNmQ4XkEyXkFqcGdeQXVyMjUzOTY1NTc@._V1_Ratio0.6751_AL_.jpg
tt0055928,https://m.media-amazon.com/images/M/MV5BNWNjNGU5ZjUtMzc0MC00MWY5LTkxMGUtMjcxZmM2MDYzYzQ4XkEyXkFqcGdeQXVyMjUzOTY1NTc@._V1_Ratio0.6751_AL_.jpg
tt0082398,https://m.media-amazon.com/images/M/MV5BN2RhOWEyM2UtNTYwMC00ZGUxLWFiMzktNTAzYjFjNmZlYzMyXkEyXkFqcGdeQXVyMjUzOTY1NTc@._V1_Ratio0.6751_AL_.jpg
tt0097742,https://m.media-amazon.com/images/M/MV5BMjA2ODZjOWEtMWJjNy00MWYzLTk0MGItMmE5ODBlYjI4MDY3XkEyXkFqcGdeQXVyMjUzOTY1NTc@._V1_Ratio0.6751_AL_.jpg
tt0070328,https://m.media-amazon.com/images/M/MV5BMzY0M2MzODYtZDU5Yy00YTg2LWJmMGQtNmY1OWZiYjlmNzY0XkEyXkFqcGdeQXVyNjc1NTYyMjg@._V1_Ratio0.6751_AL_.jpg
tt0059800,https://m.media-amazon.com/images/M/MV5BZGNhYjM3ZmQtMTRlZS00YmZiLWFhYjktYWE3ZTk0MGY0MTIwXkEyXkFqcGdeQXVyNjc1NTYyMjg@._V1_Ratio0.6751_AL_.jpg
tt0099180,https://m.media-amazon.com/images/M/MV5BZWQ0Njg5NDktYjNkZS00OTQwLTk3YjgtZjViOGM3YjQxZmJiXkEyXkFqcGdeQXVyMTQxNzMzNDI@._V1_Ratio0.6751_AL_.jpg
tt0143145,https://m.media-amazon.com/images/M/MV5BMjA0MzUyNjg0MV5BMl5BanBnXkFtZTcwNDY5MDg0NA@@._V1_FMjpg_UX1000_.jpg
tt0120363,https://m.media-amazon.com/images/M/MV5BMWM5ZDcxMTYtNTEyNS00MDRkLWI3YTItNThmMGExMWY4NDIwXkEyXkFqcGdeQXVyNjUwNzk3NDc@._V1_FMjpg_UX1000_.jpg
tt0067328,https://m.media-amazon.com/images/M/MV5BNmVjNzZkZjQtYmM5ZC00M2I0LWJhNzktNDk3MGU1NWMxMjFjXkEyXkFqcGdeQXVyNjc1NTYyMjg@._V1_FMjpg_UX1000_.jpg
tt0144117,https://m.media-amazon.com/images/M/MV5BYzVmMTdjOTYtOTJkYS00ZTg2LWExNTgtNzA1N2Y0MDgwYWFhXkEyXkFqcGdeQXVyMTQxNzMzNDI@._V1_FMjpg_UX1000_.jpg
tt0134847,https://m.media-amazon.com/images/M/MV5BNTNmYzE1OWYtZDdjNC00OTdhLTg1YjUtYWJlZTVkMzkzNmVkXkEyXkFqcGdeQXVyMTQxNzMzNDI@._V1_FMjpg_UX1000_.jpg
tt0158622,https://m.media-amazon.com/images/M/MV5BNTUzYzQzMGQtNTYyNS00NmUzLThmZmUtMmIyNjQzNDU4YWYwXkEyXkFqcGdeQXVyNTUyMzE4Mzg@._V1_FMjpg_UX1000_.jpg
tt0093185,https://m.media-amazon.com/images/M/MV5BZWJjMGU3NWYtMzQxMC00MjNmLTgwOTEtNmYxN2M4N2VlNmNkXkEyXkFqcGdeQXVyMTQxNzMzNDI@._V1_FMjpg_UX1000_.jpg
tt0120755,https://m.media-amazon.com/images/M/MV5BN2RkYWVkZDQtNTMxMi00NWQ4LWE2ODctNmQzOWM2NjQzYzdlXkEyXkFqcGdeQXVyMjUzOTY1NTc@._V1_FMjpg_UX1000_.jpg
tt0064757,https://m.media-amazon.com/images/M/MV5BZGFlNGNiMmQtMThhZS00MWMxLWFiNGItZTM4ZmJlODM3ZmU2XkEyXkFqcGdeQXVyNDY2MTk1ODk@._V1_FMjpg_UX1000_.jpg
tt0076752,https://m.media-amazon.com/images/M/MV5BZDJhOTgyMTUtMDVhOS00MzRlLTk0MjYtYjI5NzhhMTExMTc1XkEyXkFqcGdeQXVyNDY2MTk1ODk@._V1_FMjpg_UX1000_.jpg
tt0079574,https://m.media-amazon.com/images/M/MV5BYWE1ZDE1ZjMtNTVlZS00NGZjLTg2MWItYjQzMTJlMzAzZGNkXkEyXkFqcGdeQXVyMjUzOTY1NTc@._V1_FMjpg_UX1000_.jpg
tt0071807,https://m.media-amazon.com/images/M/MV5BYjY3YmM1MTItMWE0NC00NjFmLWFkMDgtMWFiZjY5NzQyZGVjXkEyXkFqcGdeQXVyNjc1NTYyMjg@._V1_FMjpg_UX1000_.jpg
tt0210234,https://m.media-amazon.com/images/M/MV5BNzE1NjBiODAtNDVhNS00ZTI1LTg4ZjUtZTk3OWVhODljMjNjXkEyXkFqcGdeQXVyMzM4MjM0Nzg@._V1_FMjpg_UX1000_.jpg
tt0095863,https://m.media-amazon.com/images/M/MV5BNjQyYWVjZjEtNjc3MC00Zjg4LTkxZDctZTc0MGE2MzJjODM2XkEyXkFqcGdeQXVyMTQxNzMzNDI@._V1_FMjpg_UX1000_.jpg
tt0138703,https://m.media-amazon.com/images/M/MV5BNzlmODU1ODMtMzJlMy00YzRlLWJmMjAtYmFmZWY1NTFlNDhjXkEyXkFqcGdeQXVyMTQxNzMzNDI@._V1_FMjpg_UX1000_.jpg
tt0204946,https://m.media-amazon.com/images/M/MV5BNjhiMjk1YWYtMjgyYy00YTFhLTk0NTMtN2Q5MDZjMWEyYWI1XkEyXkFqcGdeQXVyMTQxNzMzNDI@._V1_FMjpg_UX1000_.jpg
tt0066995,https://m.media-amazon.com/images/M/MV5BZjE1NTc2MzAtZTgzNi00ZmY0LWIxNjUtZTQwMjdlNTY0ZTM2XkEyXkFqcGdeQXVyMjUzOTY1NTc@._V1_FMjpg_UX1000_.jpg
tt0093428,Null
tt0118694,Null
tt0235679,Null
tt0126029,Null
tt0054130,Null
tt0230011,Null
tt0239395,Null
tt0096928,Null
tt0066999,Null
tt0198781,Null
tt0241527,Null
tt0240772,Null
tt0120737,Null
tt0077199,Null
tt0268380,Null
tt0120804,Null
tt0187738,Null
tt0277296,Null
tt0145487,Null
tt0121765,Null
tt0164184,Null
tt0258463,Null
tt0120912,Null
tt0295178,Null
tt0295701,Null
tt0246677,Null
tt0083067,Null
tt0246460,Null
tt0167261,Null
tt0251736,Null
tt0315327,Null
tt0266543,Null
tt0325980,Null
tt0257076,Null
tt0320691,Null
tt0317676,Null
tt0266697,Null
tt0328880,Null
tt0325655,Null
tt0307987,Null
tt0086567,Null
tt0167260,Null
tt0358349,Null
tt0167190,Null
tt0377092,Null
tt0338526,Null
tt0062512,Null
tt0086034,Null
tt0086006,Null
tt0298148,Null
tt0316654,Null
tt0381681,Null
tt0356470,Null
tt0372183,Null
tt0370263,Null
tt0317705,Null
tt0349903,Null
tt0359013,Null
tt0035209,Null
tt0117407,Null
tt0212712,Null
tt0334965,Null
tt0379593,Null
tt0290002,Null
tt0357507,Null
tt0360486,Null
tt0401792,Null
tt0329774,Null
tt0121766,Null
tt0372784,Null
tt0395584,Null
tt0377818,Null
tt0385002,Null
tt0385700,Null
tt0312004,Null
tt0386140,Null
tt0436058,Null
tt0330373,Null
tt0451094,Null
tt0414852,Null
tt0383222,Null
tt0450278,Null
tt0443536,Null
tt0401855,Null
tt0455857,Null
tt0454919,Null
tt0438097,Null
tt0454841,Null
tt0384537,Null
tt0317919,Null
tt0382625,Null
tt0317219,Null
tt0383574,Null
tt0475293,Null
tt0463985,Null
tt0400717,Null
tt0433386,Null
tt0431641,Null
tt0457297,Null
tt0381061,Null
tt0366548,Null
tt0480271,Null
tt0479143,Null
tt0831315,Null
tt0498380,Null
tt0308353,Null
tt0808146,Null
tt0475394,Null
tt0367959,Null
tt0380268,Null
tt0259324,Null
tt0435680,Null
tt0416449,Null
tt0413300,Null
tt0409904,Null
tt0480025,Null
tt0480025,Null
tt0449088,Null
tt0444628,Null
tt0496806,Null
tt0423294,Null
tt1028528,Null
tt0413099,Null
tt0418279,Null
tt0373889,Null
tt0440963,Null
tt0462244,Null
tt0373883,Null
tt1077258,Null
tt0432021,Null
tt0857265,Null
tt0389722,Null
tt0890870,Null
tt0861739,Null
tt0756683,Null
tt0465494,Null
tt0952640,Null
tt0465234,Null
tt0758730,Null
tt1038988,Null
tt0460780,Null
tt0422401,Null
tt0479968,Null
tt0462499,Null
tt0406759,Null
tt0901507,Null
tt0468569,Null
tt1023111,Null
tt0481536,Null
tt0926129,Null
tt0371746,Null
tt0367882,Null
tt1000774,Null
tt0441773,Null
tt0493464,Null
tt0964587,Null
tt0447854,Null
tt0846308,Null
tt0482603,Null
tt0765458,Null
tt0859163,Null
tt0425637,Null
tt0452608,Null
tt0479952,Null
tt0830515,Null
tt1055366,Null
tt1099212,Null
tt1129442,Null
tt1118511,Null
tt0374569,Null
tt0822832,Null
tt1220719,Null
tt0447166,Null
tt1179891,Null
tt1114740,Null
tt1053859,Null
tt1265998,Null
tt0758746,Null
tt0838232,Null
tt0492044,Null
tt0785035,Null
tt1132620,Null
tt1013752,Null
tt1121931,Null
tt0458525,Null
tt1326972,Null
tt0438488,Null
tt1078912,Null
tt1119646,Null
tt1278340,Null
tt1055369,Null
tt1080016,Null
tt1146438,Null
tt0417741,Null
tt0844479,Null
tt1046173,Null
tt1160368,Null
tt0414243,Null
tt1311067,Null
tt1144884,Null
tt0844471,Null
tt1179904,Null
tt1233227,Null
tt1300851,Null
tt1259571,Null
tt0499549,Null
tt0988045,Null
tt1231580,Null
tt1343097,Null
tt1350498,Null
tt1216487,Null
tt1337032,Null
tt1352852,Null
tt1245112,Null
tt1014759,Null
tt1134854,Null
tt1247704,Null
tt1231587,Null
tt0892769,Null
tt1196141,Null
tt1228705,Null
tt1179056,Null
tt1261945,Null
tt0435761,Null
tt0892791,Null
tt1144539,Null
tt1325004,Null
tt1323594,Null
tt1375670,Null
tt1415283,Null
tt1386932,Null
tt1320253,Null
tt1320253,Null
tt1320244,Null
tt1558250,Null
tt0985694,Null
tt1193631,Null
tt1666186,Null
tt1220634,Null
tt1673430,Null
tt1027718,Null
tt1287468,Null
tt1470827,Null
tt1559549,Null
tt1320304,Null
tt1536044,Null
tt1477076,Null
tt0926084,Null
tt0398286,Null
tt1199494,Null
tt1401143,Null
tt1104001,Null
tt0970866,Null
tt1680136,Null
tt1629391,Null
tt0923683,Null
tt1740047,Null
tt0860906,Null
tt1781069,Null
tt1454505,Null
tt0472399,Null
tt1555747,Null
tt1555149,Null
tt1464174,Null
tt1457766,Null
tt1591095,Null
tt0912597,Null
tt1650043,Null
tt1648112,Null
tt1262416,Null
tt1436562,Null
 tt0800369,Null
 tt0480239,Null
tt1596343,Null
tt1298650,Null
tt1411697,Null
tt1394268,Null
tt1302011,Null
tt1270798,Null
tt1340773,Null
tt1391137,Null
tt1399103,Null
tt1499658,Null
tt1216475,Null
tt1201607,Null
tt0458339,Null
tt0472181,Null
tt1213012,Null
tt1595842,Null
tt1500491,Null
tt1441956,Null
tt1318514,Null
tt1622979,Null
tt1268799,Null
tt1438176,Null
tt0808276,Null
tt1464580,Null
tt1316037,Null
tt1716772,Null
tt1227378,Null
tt0848228,Null
tt0905372,Null
tt0497329,Null
tt1778304,Null
tt1402488,Null
tt1515091,Null
tt1446147,Null
tt1319743,Null
tt1646987,Null
tt1621045,Null
tt1446714,Null
tt1667889,Null
tt1855325,Null
tt1192431,Null
tt1928330,Null
tt2112131,Null
tt1753496,Null
tt0461936,Null
tt0770828,Null
tt0816711,Null
tt2795078,Null
tt2908228,Null
tt1778924,Null
tt2294629,Null
tt3060952,Null
tt1285241,Null
tt2528814,Null
tt0406280,Null
tt1646971,Null
tt2333784,Null
tt1790864,Null
tt2004432,Null
tt3701804,Null
tt0369610,Null
tt2446042,Null
tt1537481,Null
tt1431045,Null
tt2322441,Null
tt4189260,Null
tt1531924,Null
tt4324274,Null
tt1694542,Null
tt0942378,Null
tt2293640,Null
tt1468843,Null
tt3317562,Null
tt0257778,Null
tt2938956,Null
tt0059437,Null
tt1608290,Null
tt2869728,Null
tt4438848,Null
tt3110958,Null
tt4196776,Null
tt3451230,Null
tt1674047,Null
tt0828151,Null
tt3393786,Null
tt3717252,Null
tt3315342,Null
tt0096118,Null
tt3159812,Null
tt3371366,Null
tt1634122,Null
tt1764651,Null
tt1229238,Null
tt1496025,Null
tt1071875,Null
tt1034314,Null
tt1104123,Null
tt1398941,Null
tt1074638,Null
tt1792799,Null
tt1985017,Null
tt0903624,Null
tt2243537,Null
tt1424310,Null
tt2027128,Null
tt2224075,Null
tt1690953,Null
tt1430132,Null
tt1723121,Null
tt1017456,Null
tt2969050,Null
tt2325989,Null
tt1253863,Null
tt2357291,Null
tt2381249,Null
tt2109248,Null
tt2626350,Null
tt3062074,Null
tt1216516,Null
tt1951265,Null
tt4046784,Null
tt1340138,Null
tt1392190,Null
tt3896198,Null
tt1649443,Null
tt3331846,Null
tt2820852,Null
tt2946582,Null
tt1951266,Null
tt2709768,Null
tt2379713,Null
tt1226251,Null
tt1160525,Null
tt2708764,Null
tt1794850,Null
tt3076658,Null
tt1528854,Null
tt3300542,Null
tt1566528,Null
tt3949660,Null
tt4094724,Null
tt5503266,Null
tt0410454,Null
tt1734113,Null
tt0295732,Null
tt1293847,Null
tt4465564,Null
tt0301454,Null
tt3469046,Null
tt4738174,Null
tt1204342,Null
tt1392170,Null
tt1615918,Null
tt1703199,Null
tt1705773,Null
tt1605630,Null
tt2090463,Null
tt1637725,Null
tt1714203,Null
tt2105044,Null
tt0844993,Null
tt0790724,Null
tt1961324,Null
tt1606378,Null
tt1300854,Null
tt1776196,Null
tt2724064,Null
tt1821694,Null
tt2191701,Null
tt1981115,Null
tt3194532,Null
tt1490017,Null
tt1843866,Null
tt1870419,Null
tt2996648,Null
tt2980706,Null
tt1291150,Null
tt3322940,Null
tt1894561,Null
tt2978462,Null
tt2308733,Null
tt1978567,Null
tt2488496,Null
tt3498820,Null
tt0369445,Null
tt0202236,Null
tt0484855,Null
tt2679042,Null
tt3410834,Null
tt1024215,Null
tt0099935,Null
tt2975590,Null
tt2752772,Null
tt2945796,Null
tt4294052,Null
tt0163511,Null
tt2267968,Null
tt1307859,Null
tt2277860,Null
tt0101857,Null
tt3416828,Null
tt5241578,Null
tt1540011,Null
tt3627704,Null
tt1798603,Null
tt4116284,Null
tt3349578,Null
tt4630562,Null
tt3474600,Null
tt1324999,Null
tt1345836,Null
tt1781781,Null
tt1596365,Null
tt1456635,Null
tt1899353,Null
tt1409024,Null
tt1915581,Null
tt2028530,Null
tt1701976,Null
tt1649444,Null
tt1979319,Null
tt1739212,Null
tt2085930,Null
tt1905041,Null
tt1663662,Null
tt2820466,Null
tt1854564,Null
tt1411250,Null
tt1951264,Null
tt0422091,Null
tt1234721,Null
tt2265171,Null
tt3600760,Null
tt1831806,Null
tt2103281,Null
tt0458481,Null
tt2911666,Null
tt2910342,Null
tt0862748,Null
tt2310332,Null
tt1544572,Null
tt2395427,Null
tt3385516,Null
tt2279373,Null
tt2908446,Null
tt0465940,Null
tt3845960,Null
tt3183660,Null
tt1628841,Null
tt1046245,Null
tt2287663,Null
tt1350484,Null
tt1690470,Null
tt3642618,Null
tt3529198,Null
tt1320113,Null
tt5475710,Null
tt2974918,Null
tt3065204,Null
tt5595168,Null
tt0845448,Null
tt1181919,Null
tt3062096,Null
tt0814106,Null
tt0498381,Null
tt6078822,Null
tt3606752,Null
tt3450958,Null
tt1071358,Null
tt1194173,Null
tt1564349,Null
tt1397514,Null
tt1232829,Null
tt1412386,Null
tt1735898,Null
tt0948470,Null
tt1981677,Null
tt0837562,Null
tt1772341,Null
tt0071357,Null
tt1418712,Null
tt0481499,Null
tt2204379,Null
tt2465238,Null
tt1457767,Null
tt2017020,Null
tt2226417,Null
tt1170358,Null
tt1840309,Null
tt2382009,Null
tt1872181,Null
tt1877832,Null
tt2294449,Null
tt2015381,Null
tt2800038,Null
tt3729920,Null
tt2832470,Null
tt1717715,Null
tt2802144,Null
tt1052024,Null
tt0478970,Null
tt3878542,Null
tt0963207,Null
tt3720788,Null
tt3029558,Null
tt0823671,Null
tt3138192,Null
tt0441048,Null
tt0900357,Null
tt4126340,Null
tt2315236,Null
tt4503906,Null
tt0451279,Null
tt3152098,Null
tt1128079,Null
tt2381991,Null
tt2567026,Null
tt1289401,Null
tt4831420,Null
tt1573072,Null
tt0390067,Null
tt4361050,Null
tt3748528,Null
tt4425200,Null
tt2316204,Null
tt4779496,Null
tt2417712,Null
